Country,League,Date,Time,Home,Away,PSH,PSD,PSA,MaxH,MaxD,MaxA,AvgH,AvgD,AvgA,BFEH,BFED,BFEA,B365H,B365D,B365A
Argentina,Liga Profesional,02/10/2026,23:15,Independiente,Instituto,,,,2.45,3,3.35,2.37,2.95,3.12,2.58,3,3.35,2.4,2.85,3.2
Argentina,Liga Profesional,03/10/2026,01:30,Boca Juniors,Union de Santa Fe,,,,1.6,4,7,1.54,3.83,6.06,1.59,4.1,7,1.51,3.7,7
Argentina,Liga Profesional,03/10/2026,01:30,Ind. Rivadavia,Gimnasia L.P.,,,,2.08,3.3,4.1,2.02,3.19,3.74,2.12,3.35,4.1,2.01,3.1,4.1
Argentina,Liga Profesional,03/10/2026,18:45,Defensa y Justicia,San Lorenzo,,,,2.15,3.13,4.2,2.08,3,3.78,2.16,3.1,4.1,2.01,3,4.2
Argentina,Liga Profesional,03/10/2026,21:00,Atl. Tucuman,Barracas Central,,,,1.95,3.13,5,1.91,3.04,4.41,2,3.05,4.9,1.86,3,5
Argentina,Liga Profesional,03/10/2026,21:00,Newells Old Boys,Lanus,,,,2.87,3,2.7,2.8,2.93,2.63,2.88,2.98,2.84,2.85,2.82,2.7
Argentina,Liga Profesional,04/10/2026,18:45,Huracan,Aldosivi,,,,1.7,3.5,6.5,1.67,3.36,5.5,1.73,3.5,6,1.62,3.4,6.5
Argentina,Liga Profesional,04/10/2026,21:00,Talleres Cordoba,Belgrano,,,,2.56,3.1,3,2.51,3,2.87,2.64,2.9,2.98,2.55,3,3
Argentina,Liga Profesional,04/10/2026,23:15,Argentinos Jrs,Tigre,,,,1.85,3.3,5.25,1.81,3.21,4.61,1.9,3.2,5.1,1.81,3.1,5.25
Argentina,Liga Profesional,05/10/2026,01:30,Estudiantes Rio Cuarto,Racing Club,,,,4.3,3.1,2,4.07,3.04,1.97,4.6,3.15,2.02,4.2,3.1,1.96
Argentina,Liga Profesional,05/10/2026,20:45,Dep. Riestra,Central Cordoba,,,,1.91,3.25,4.5,1.88,3.15,4.39,1.93,3.1,5.1,1.86,3.25,4.2
Argentina,Liga Profesional,05/10/2026,23:00,Estudiantes L.P.,Gimnasia Mendoza,,,,1.73,3.6,5.75,1.69,3.44,5.04,1.73,3.2,5.2,1.61,3.4,5.75
Argentina,Liga Profesional,05/10/2026,23:00,Velez Sarsfield,Platense,,,,1.94,3.1,4.8,1.91,2.97,4.51,1.91,3.05,5.1,1.86,3,4.75
Argentina,Liga Profesional,06/10/2026,01:15,Banfield,Rosario Central,,,,4.3,3.4,1.98,4.01,3.25,1.9,4.4,3.25,1.89,4,3.1,1.96
Brazil,Serie A Betano,03/10/2026,00:00,Sao Paulo,Santos,,,,2.1,3.4,3.9,2.01,3.31,3.65,2.12,3.5,3.95,1.96,3.3,3.9
Brazil,Serie A Betano,03/10/2026,22:30,Atletico-MG,Bragantino,,,,2.12,3.5,3.6,2.05,3.43,3.41,2.14,3.55,3.7,2.05,3.4,3.6
Ireland,Premier Division,02/10/2026,19:45,Dundalk,Bohemians,,,,3.7,3.8,1.91,3.47,3.69,1.85,4,4,1.93,3.6,3.7,1.83
